<?xml version="1.0" encoding="UTF-8"?>
<project-private xmlns="http://www.netbeans.org/ns/project-private/1">
    <editor-bookmarks xmlns="http://www.netbeans.org/ns/editor-bookmarks/2" lastBookmarkId="0"/>
    <open-files xmlns="http://www.netbeans.org/ns/projectui-open-files/2">
        <group>
            <file>file:/C:/Users/manojlovic/Documents/NetBeansProjects/KI204/KI401Projekat_V4/src/java/com/manojlovic/query/DataQuery.java</file>
            <file>file:/C:/Users/manojlovic/Documents/NetBeansProjects/KI204/KI401Projekat_V4/src/java/com/manojlovic/REST/LoginController.java</file>
            <file>file:/C:/Users/manojlovic/Documents/NetBeansProjects/KI204/KI401Projekat_V4/src/conf/persistence.xml</file>
            <file>file:/C:/Users/manojlovic/Documents/NetBeansProjects/KI204/KI401Projekat_V4/web/login.xhtml</file>
            <file>file:/C:/Users/manojlovic/Documents/NetBeansProjects/KI204/KI401Projekat_V4/src/java/com/manojlovic/entiteti/AdminLogin.java</file>
        </group>
    </open-files>
</project-private>
